{"cameraMode":{"drawMode":0,"name":"Shaded","section":"Shading Mode"},"sceneLighting":true,"audioPlay":false,"sceneViewState":{"m_AlwaysRefresh":false,"showFog":true,"showSkybox":true,"showFlares":true,"showImageEffects":true,"showParticleSystems":true,"showVisualEffectGraphs":true,"m_FxEnabled":true},"in2DMode":false,"pivot":{"x":3.2642593383789064,"y":-60.331756591796878,"z":94.76364135742188},"rotation":{"x":-0.3767298460006714,"y":-0.21975210309028626,"z":0.09283445030450821,"w":-0.8952393531799316},"size":142.19212341308595,"orthographic":false}