{"cameraMode":{"drawMode":0,"name":"Shaded","section":"Shading Mode"},"sceneLighting":true,"audioPlay":false,"sceneViewState":{"m_AlwaysRefresh":false,"showFog":true,"showSkybox":true,"showFlares":true,"showImageEffects":true,"showParticleSystems":true,"showVisualEffectGraphs":true,"m_FxEnabled":true},"in2DMode":false,"pivot":{"x":-114.69000244140625,"y":-2.4700002670288088,"z":-80.76000213623047},"rotation":{"x":0.16432803869247437,"y":0.09587433934211731,"z":-0.016597993671894075,"w":0.9817512631416321},"size":9.852009773254395,"orthographic":false}