{"cameraMode":{"drawMode":0,"name":"Shaded","section":"Shading Mode"},"sceneLighting":true,"audioPlay":false,"sceneViewState":{"m_AlwaysRefresh":false,"showFog":true,"showSkybox":true,"showFlares":true,"showImageEffects":true,"showParticleSystems":true,"showVisualEffectGraphs":true,"m_FxEnabled":true},"in2DMode":false,"pivot":{"x":-27.246328353881837,"y":-22.499773025512697,"z":-8.50588607788086},"rotation":{"x":-0.03986547514796257,"y":-0.02749042958021164,"z":0.0015632654540240765,"w":-0.9989851117134094},"size":1.4436371326446534,"orthographic":false}